"review_id","top_tokens","query_term","query_term_short"
"CD000028","morbidity, cardiovascular, adverse, cause, cerebrovascular, coronary, heart, withdrawal, older, years","morbidity cardiovascular adverse cause","morbidity cardiovascular"
"CD000143","bronchopulmonary, days, dysplasia, combined, dependency, discharge, endotracheal, extubation, failure, from, haemorrhage, hospital","bronchopulmonary days dysplasia combined","bronchopulmonary days"
"CD000219","abnormal, recurrences, tympanometry, cases, contralateral, diarrhoea, late, membrane, otitis, pain, perforation, rash","abnormal recurrences tympanometry cases","abnormal recurrences"
"CD000478","adverse, failure, maintain, remission, bone, marrow, pancreatitis, suppression, withdrawal","adverse failure maintain remission","adverse failure"
"CD000547","adverse, proportion, blood, haemoglobin, preoperative, fibroid, loss, postoperative, surgery, volume, bleeding, complications","adverse proportion blood haemoglobin","adverse proportion"
"CD001072","death, failure, first, tachycardia, year","death failure first tachycardia","death failure"
"CD001155","alendronate, fractures, adverse, secondary, vertebral, week, active, agent, osteonecrosis, other, primary, acid","alendronate fractures adverse secondary","alendronate fractures"
"CD001321","culture, symptomatic, verified, clinical, commercial, involvement, symptoms, adverse, death, gastrointestinal, high, known","culture symptomatic verified clinical","culture symptomatic"
"CD001396","symptoms, decreased, premenstrual, rated, response, self, withdrawal, adverse, asthenia, concentration, constipation, diarrhoea","symptoms decreased premenstrual rated","symptoms decreased"
"CD001431","bias, high, decision, making, choice, consultation, values, conflict, congruence, decisional, informed, participation","bias high decision making","bias high"
"CD001533","number, months, relapse, relapses, remission, frequent, relapsing, bias, cumulative, days, frns, selection","number months relapse relapses","number months"
"CD001552","follow, months, term, less, long, over, short, surgery, clinical, function, health, improvement","follow months term less","follow months"
"CD001703","pain, follow, term, weeks, back, specific, short, related, spine, depressive, disability, symptoms","pain follow term weeks","pain follow"
"CD001797","weeks, within, disability, score, mean, improvement, rankin, scale, approach, council, frequency, generic","weeks within disability score","weeks within"
"CD001837","support, behavioural, bupropion, combined, pharmacotherapy, quitline, varenicline, asynchronous, cardiovascular, counselling, discharge, follow","support behavioural bupropion combined","support behavioural"
"CD001909","analysis, frequency, reduction, seizure, case, ataxia, best, diplopia, dizziness, fatigue, headache, intention","analysis frequency reduction seizure","analysis frequency"
"CD001920","other, approaches, balance, functional, scales, task, training, neurophysiological, berg, function, independence, motor","other approaches balance functional","other approaches"
"CD002042","morbidity, blood, participants, subgroup, clinical, exposed, specialties, transfusion, analysis, failure, month, sensitivity","morbidity blood participants subgroup","morbidity blood"
"CD002052","days, sedation, cause, discharge, hospital, successful, until, additional, administration, analgesia, apnea, apnoea","days sedation cause discharge","days sedation"
"CD002112","number, nights, children, adverse, after, consecutive, follow, mean, achieving, cessation, maintaining, relapsing","number nights children adverse","number nights"
"CD002115","continuous, number, bowel, mean, participants, improvement, reported, self, time, week, care, dichotomous","continuous number bowel mean","continuous number"
"CD002122","pain, scale, assessment, implant, dichotomous, analogue, continuous, point, satisfaction, verbal, visual, adverse","pain scale assessment implant","pain scale"
"CD002203","score, acquisition, number, antibiotics, domain, aureus, days, baseline, exacerbation, hospital, pulmonary, resistant","score acquisition number antibiotics","score acquisition"
"CD002243","cause, based, participants, length, number, stay, subgroups, care, hospital, intensive, reversal, shock","cause based participants length","cause based"
"CD002290","relapse, months, during, adverse, days, failure, changing, fixed, high, level, lower, number","relapse months during adverse","relapse months"
"CD002303","months, reulceration, noncompliance","months reulceration noncompliance","months reulceration"
"CD002971","months, bayley, term, circumference, development, equivalent, head, hospital, impairment, index, post, until","months bayley term circumference","months bayley"
"CD003129","adverse, assessment, authors, criteria, defined, response, american, analogue, being, childhood, clinically, college","adverse assessment authors criteria","adverse assessment"
"CD003214","days, duration, episodes, infants, more, assisted, blood, culture, dexamethasone, from, infection, intravenous","days duration episodes infants","days duration"
"CD003216","pressure, ulcer, least, score, adverse, area, episodes, gastrointestinal, push, side, ulcers, acceptability","pressure ulcer least score","pressure ulcer"
"CD003218","improvement, mean, test, adverse, epworth, latency, least, life, maintenance, multiple, participants, proportion","improvement mean test adverse","improvement mean"
"CD003331","follow, months, admissions, cause, hospital, more, than, health, life, quality, related, failure","follow months admissions cause","follow months"
"CD003333","embolism, fatal, arterial, bleeding, cardiovascular, cause, infarction, major, myocardial, peripheral, pulmonary, stroke","embolism fatal arterial bleeding","embolism fatal"
"CD003357","woman, miscarriage, pregnancy, birth, clinical, incidence, live, multiple, ohss","woman miscarriage pregnancy birth","woman miscarriage"
"CD003376","fractures, adverse, vertebral, reference, atypical, clinical, femoral, gastrointestinal, primary, radiographic, secondary, serious","fractures adverse vertebral reference","fractures adverse"
"CD003414","woman, pregnancy, birth, cancellation, clinical, cycle, ectopic, endometrial, live, miscarriage, multiple, ongoing","woman pregnancy birth cancellation","woman pregnancy"
"CD003429","joint, clotting, factor, number, analysis, annualized, bleeding, concentrate, damage, fixed, function, model","joint clotting factor number","joint clotting"
"CD003451","wits, adulthood, aesthetic, appraisal, concept, follow, harris, impact, need, nperp, oasis, oral","wits adulthood aesthetic appraisal","wits adulthood"
"CD003477","problems, behaviour, aggression, agitation, affect, behavioural, disturbance, mood, negative, analysis, anxiety, based","problems behaviour aggression agitation","problems behaviour"
"CD003511","miscarriage, birth, only, abnormalities, administration, death, fetal, genital, live, neonatal, preterm, previous","miscarriage birth only abnormalities","miscarriage birth"
"CD003519","breastfeeding, post, birth, analysis, exclusive, month, sensitivity, first, hours, maternal, months, score","breastfeeding post birth analysis","breastfeeding post"
"CD003594","remission, months, kidney, response, weeks, partial, complete, function, year, failure, proteinuria, death","remission months kidney response","remission months"
"CD003598","withdrawal, withdrawn, creatinine, rejection, serum, heart, oedema, pressure, adverse, blood, cough, death","withdrawal withdrawn creatinine rejection","withdrawal withdrawn"
"CD003743","discharge, breastfeeding, from, home, hospital, months, support, post, stopped, parental, fully, satisfaction","discharge breastfeeding from home","discharge breastfeeding"
"CD003774","death, cause, infection, antiviral, different, recipients, according, additional, antibody, date, donor, ganciclovir","death cause infection antiviral","death cause"
"CD003833","ankle, blood, brachial, cholesterol, distance, index, pressure, triglycerides, vascular, walking","ankle blood brachial cholesterol","ankle blood"
"CD003962","proteinuria, creatinine, remission, haematuria, serum, clearance, adverse, blood, complete, decrease, doubling, egfr","proteinuria creatinine remission haematuria","proteinuria creatinine"
"CD004184","mmhg, abpm, mean, adverse, blood, pressure, hour, surge, ambulatory, cause, diastolic, from","mmhg abpm mean adverse","mmhg abpm"
"CD004307","cessation, smoking, abstinence, analysis, cluster, contingent, follow, generic, grouped, guaranteed, incentives, including","cessation smoking abstinence analysis","cessation smoking"
"CD004372","difference, follow, hads, mean, month, scores","difference follow hads mean","difference follow"
"CD004376","function, intervention, pain, physical, severity, bias, exercise, reported, knee, self, immediately, post","function intervention pain physical","function intervention"
"CD004406","analysis, post, resolution, symptoms, participants, evaluable, relapse, adverse, bacteriological, clinical, cure, days","analysis post resolution symptoms","analysis post"
"CD004417","delayed, antibiotics, immediate, duration, prescription, days, collection, fever, malaise, pain, antibiotic, number","delayed antibiotics immediate duration","delayed antibiotics"
"CD004508","model, random, time, first, complications, nausea, passage, postoperative, vomiting, abdominal, both, bowel","model random time first","model random"
"CD004661","corrected, years, school, death, side, disability, neonatal, neurodevelopmental, respiratory, birth, cerebral, palsy","corrected years school death","corrected years"
"CD004667","birth, gestation, weeks, authors, care, days, death, defined, fetal, less, loss, maternal","birth gestation weeks authors","birth gestation"
"CD004703","postoperative, pain, early, conversion, hernia, hours, surgery, adverse, after, another, bleeding, days","postoperative pain early conversion","postoperative pain"
"CD004736","analysis, subgroup, than, less, maternal, anaemia, gestation, weeks, iron, more, status, term","analysis subgroup than less","analysis subgroup"
"CD004762","relaxation, time, life, quality, seconds, form, improvement, item, myotonia, short, analogue, electromyographic","relaxation time life quality","relaxation time"
"CD004871","term, short, analysis, pain, subgroup, disability, function, data, dichotomous, disorder, long, classification","term short analysis pain","term short"
"CD004904","postpartum, admission, care, endometritis, haemorrhage, intensive, newborn","postpartum admission care endometritis","postpartum admission"
"CD004925","analysis, complications, major, subgroup, urological, antibiotic, criteria, diagnostic, duration, experience, haematuria, leak","analysis complications major subgroup","analysis complications"
"CD004953","death, mechanical, ventilation, administration, arteriosus, delivery, ductus, duration, during, hospitalisation, lung, patent","death mechanical ventilation administration","death mechanical"
"CD004992","surgery, after, months, anti, endometrioma, follicles, hormone, levels, llerian, number, ovarian, recurrence","surgery after months anti","surgery after"
"CD005133","recipients, serostatus, adverse, associated, cause, death, development, graft, high, infection, infections, involvement","recipients serostatus adverse associated","recipients serostatus"
"CD005187","from, respiratory, deaths, infection, influenza, lower, tract, admission, cause, complications, death, hospital","from respiratory deaths infection","from respiratory"
"CD005343","eortc, months, functional, related, score, status, symptoms, adverse, chemotherapy, free, postoperative, progression","eortc months functional related","eortc months"
"CD005495","motor, quotient, cognitive, preschool, school, infancy, intelligence, developmental, cerebral, mabc, palsy, score","motor quotient cognitive preschool","motor quotient"
"CD005566","complications, stay, analysis, cardiac, including, major, pulmonary, sensitivity, bleeding, days, hospital, hours","complications stay analysis cardiac","complications stay"
"CD005582","adverse, months, prednisone, serious, after, evaluation, generic, herpetic, inverse, main, onset, pain","adverse months prednisone serious","adverse months"
"CD005595","pain, term, follow, different, fracture, measurement, months, surgical, tools, after, activity, limitation","pain term follow different","pain term"
"CD005951","death, cognitive, dependence, adverse, function, scale, barthel, cause, days, depression, euroqol, examination","death cognitive dependence adverse","death cognitive"
"CD006023","death, serum, arteriovenous, cardiovascular, causes, shunt, fistula, calcium, klotho, phosphate, score, abdominal","death serum arteriovenous cardiovascular","death serum"
"CD006027","pain, minutes, score, intervention, post, adverse, from, recurrence, baseline, basline, hours, medication","pain minutes score intervention","pain minutes"
"CD006124","graft, loss, year, complications, function, analgesia, blood, delayed, duration, early, hospital, ischaemia","graft loss year complications","graft loss"
"CD006140","days, opioid, adverse, illicit, urine, arrest, cocaine, count, negative, reincarceration, screens, serious","days opioid adverse illicit","days opioid"
"CD006182","months, days, primary, procedure, among, than, after, below, cognitive, laparotomy, mean, score","months days primary procedure","months days"
"CD006185","walking, intervention, phase, devices, independent, capacity, metres, regaining, ambulatory, different, electromechanical, follow","walking intervention phase devices","walking intervention"
"CD006214","complete, days, healing, mean, time","complete days healing mean","complete days"
"CD006257","fatal, nonfatal, cause, death, infarction, macro, macroalbuminuria, micro, microalbuminuria, myocardial, normoalbuminuria, withdrawn","fatal nonfatal cause death","fatal nonfatal"
"CD006273","adverse, data, from, single, injection, site, life, pain, quality, swelling","adverse data from single","adverse data"
"CD006404","failure, greater, increase, limit, normal, than, times, upper, total, aminotransferase, five, first","failure greater increase limit","failure greater"
"CD006475","years, eczema, analysis, subgroup, allergy, sensitivity, allergic, asthma, bias, definition, period, supplementation","years eczema analysis subgroup","years eczema"
"CD006515","complications, dialysis, adequacy, admissions, blood, catheter, crcl, death, function, health, hospital, hrqol","complications dialysis adequacy admissions","complications dialysis"
"CD006536","months, lvef, measured, cause, incidence, heart, angiography, echocardiography, failure, hospitalisation, left, radionuclide","months lvef measured cause","months lvef"
"CD006606","random, ratio, bias, odds, birth, clinical, pregnancy, anomaly, congenital, hyperstimulation, live, miscarriage","random ratio bias odds","random ratio"
"CD006632","bias, analysis, excluded, high, sensitivity, hospital, inhospital, months, complications, days, length, readmission","bias analysis excluded high","bias analysis"
"CD006689","delivery, maternal, adverse, anaemia, malaria, parasitaemia, blood, placental, during, peripheral, birth, haemoglobin","delivery maternal adverse anaemia","delivery maternal"
"CD006712","pain, lidocaine, aspiration, dilation, during, procedure, also, cervical, received, spray, topical","pain lidocaine aspiration dilation","pain lidocaine"
"CD006714","bleeding, impact, abortion, psychological, requiring, acceptability, experience, hemorrhage, mean, method, pain, procedure","bleeding impact abortion psychological","bleeding impact"
"CD006742","adverse, cardiovascular, cause, coronary, heart, stroke, total, withdrawals","adverse cardiovascular cause coronary","adverse cardiovascular"
"CD006839","proportion, participants, baseline, clinical, function, improvement, injection, corticosteroid, months, pain, wound, adverse","proportion participants baseline clinical","proportion participants"
"CD006913","term, care, usual, short, long, relaxation, life, quality, educational, intervention, active, techniques","term care usual short","term care"
"CD006919","pregnancy, clinical, ongoing, pregnancies, number, oocytes, birth, live, analysis, primary, loss, ohss","pregnancy clinical ongoing pregnancies","pregnancy clinical"
"CD006942","couple, pregnancy, birth, clinical, live, miscarriage, multiple, ongoing, tubal","couple pregnancy birth clinical","couple pregnancy"
"CD006982","days, duration, growth, hospitalisation, initial, prematurity, retinopathy, stage, care, during, gain, grams","days duration growth hospitalisation","days duration"
"CD007024","according, cocaine, dependence, dropout, opioid, presence, adverse, frequency, measured, points, reason, scale","according cocaine dependence dropout","according cocaine"
"CD007026","death, cause, number, people, sensitivity, total, case, saes, fatal, adverse, attrition, best","death cause number people","death cause"
"CD007079","calcium, birth, maternal, bone, density, mineral, gestation, preterm, weeks, birthweight, metacarpal, mode","calcium birth maternal bone","calcium birth"
"CD007110","analysis, chemotherapy, subgroup, radiotherapy, related, abvd, after, bulky, interim, cancer, cardiac, cvpp","analysis chemotherapy subgroup radiotherapy","analysis chemotherapy"
"CD007130","months, mmol, cholesterol, blood, capacity, exercise, mmhg, pressure, total, completers, diastolic, smoking","months mmol cholesterol blood","months mmol"
"CD007156","difficulty, burning, distance, food, interincisal, intolerance, mouth, opening, sensation, speech, spicy, swallowing","difficulty burning distance food","difficulty burning"
"CD007310","procedure, side, adverse, acceptability, cervical, provider, satisfaction, nausea, vomiting, assessment, chills, complications","procedure side adverse acceptability","procedure side"
"CD007374","measures, oriented, follow, self, adverse, attitude, behavioural, beliefs, death, diabetes, estimated, fatal","measures oriented follow self","measures oriented"
"CD007388","morbidity, severe, side, care, neonatal, admission, failure, intensive, maternal, need, respiratory, unit","morbidity severe side care","morbidity severe"
"CD007491","follow, months, care, from, hospital, after, data, discharge, home, inpatient, living, published","follow months care from","follow months"
"CD007569","return, work, life, odds, quality, ratios","return work life odds","return work"
"CD007572","failure, induce, clinical, remission, weeks, adverse, response, analysis, anti, endoscopic, points, sensitivity","failure induce clinical remission","failure induce"
"CD007639","deposition, lung, adverse, predicted, serum, time, function, levels, amiloride, cmax, pari, plus","deposition lung adverse predicted","deposition lung"
"CD007674","anxiety, clinical, improvement, recovery, reduction, severity, adapted, quality, comparator, disorders, high, individual","anxiety clinical improvement recovery","anxiety clinical"
"CD007693","fluorosis","fluorosis","fluorosis"
"CD007784","analysis, subgroup, cholesterol, cardiovascular, death, diabetes, adverse, funding, major, mellitus, sensitivity, statin","analysis subgroup cholesterol cardiovascular","analysis subgroup"
"CD007809","life, quality, weeks, pain, function, physical, functioning, health, role, adverse, fhsq, number","life quality weeks pain","life quality"
"CD007837","points, pain, health, mental, angle, back, evaluation, subjective, cobb, image, rotation, scale","points pain health mental","points pain"
"CD007859","alignment, inch, pain, reduction, stst, multistrand, nickel, niti, time, titanium, arch, months","alignment inch pain reduction","alignment inch"
"CD007872","blood, estimated, loss, receipt, additional, haemorrhage, postpartum, admission, breastfeeding, clinical, death, diagnosis","blood estimated loss receipt","blood estimated"
"CD007895","baseline, from, measured, blood, pressure, adverse, diastolic, heart, systolic, withdrawals","baseline from measured blood","baseline from"
"CD007896","blood, pressure, adverse, beats, diastolic, heart, minute, systolic, withdrawals","blood pressure adverse beats","blood pressure"
"CD008063","extent, readiness, retention, substance","extent readiness retention substance","extent readiness"
"CD008145","uptake, vaccine, years, reception, vaccines, penta, recommended, year, fully, immunised, measles, scheduled","uptake vaccine years reception","uptake vaccine"
"CD008165","medication, appropriateness, implicit, inappropriate, measured, more, number, potential, potentially, prescribing, proportion, tool","medication appropriateness implicit inappropriate","medication appropriateness"
"CD008176","creatinine, albumin, analysis, egfr, failure, graft, imputed, ratio, sensitivity, serum, urinary, albuminuria","creatinine albumin analysis egfr","creatinine albumin"
"CD008237","procedure, completion, independent, competency, endoscopy, experience, level, participant, performance, composite, discomfort, endoscopic","procedure completion independent competency","procedure completion"
"CD008309","during, first, days, mechanical, survivors, ventilation, death, duration, intervention, weeks, bronchopulmonary, dysplasia","during first days mechanical","during first"
"CD008349","intervention, post, function, limb, upper, analysis, based, subgroup, amount, customised, activity, application","intervention post function limb","intervention post"
"CD008469","exacerbations, leading, days, follow, frame, subgrouped, time, corticosteroids, course, department, emergency, free","exacerbations leading days follow","exacerbations leading"
"CD008493","length, stay, adverse, atrial, cardiac, care, days, failure, fibrillation, hospital, hours, infarction","length stay adverse atrial","length stay"
"CD008552","intake, vegetable, analysis, fruit, sensitivity, subgroup, bias, data, missing, modality, primary, setting","intake vegetable analysis fruit","intake vegetable"
"CD008564","blood, pressure, total, adverse, baseline, cardiovascular, from, participant, progression, renal, stage, year","blood pressure total adverse","blood pressure"
"CD008628","long, term, function, pain, return, measured, activity, aofas, complications, hrqol, normal, number","long term function pain","long term"
"CD008688","postoperative, fistula, pancreatic, abdominal, collection, definition, delayed, emptying, fluid, free, gastric, haemorrhage","postoperative fistula pancreatic abdominal","postoperative fistula"
"CD008709","months, cure, improvement, incontinence, urinary, objective, subjective, infections, mesh, days, pain, reported","months cure improvement incontinence","months cure"
"CD008771","birth, level, after, days, acidosis, metabolic, bicarbonate, first, ammonia, bilirubin, blood, direct","birth level after days","birth level"
"CD008858","follow, herpes, incidence, zoster, adverse, cumulative, least, participants, years, days, dropouts, duration","follow herpes incidence zoster","follow herpes"
"CD008873","death, maternal, birth, less, than, birthweight, days, gestational, pregnancy, pregnant, termination, while","death maternal birth less","death maternal"
"CD008879","complications, infectious, care, days, hospital, including, infections, length, losing, malnourished, nutritional, oral","complications infectious care days","complications infectious"
"CD008940","participants, adverse, cannabis, experiencing, abstinent, completion, scheduled, severe, withdrawn","participants adverse cannabis experiencing","participants adverse"
"CD008973","phimosis, resolution, complete, analysis, based, subgroup, adverse, corticosteroid, duration, long, partial, potency","phimosis resolution complete analysis","phimosis resolution"
"CD008995","birth, clinical, colonization, genital, live, miscarriage, pregnancy, tract","birth clinical colonization genital","birth clinical"
"CD009022","pain, postoperative, wound, additional, cosmesis, days, hours, port, score, abdominal, activities, body","pain postoperative wound additional","pain postoperative"
"CD009102","ventilation, intubation, mechanical, days, duration, oxygen, supplemental, abnormalities, adrenaline, airway, apgar, before","ventilation intubation mechanical days","ventilation intubation"
"CD009235","length, stay, ventilation, automated, duration, mechanical, extubation, reintubation, from, population, strategy, system","length stay ventilation automated","length stay"
"CD009244","hsil, anal, cancer, development, eradication, from, recurrence, downgrading, lsil","hsil anal cancer development","hsil anal"
"CD009252","symptom, life, lower, quality, specific, tract, urinary, analysis, bias, number, subgroup, attrition","symptom life lower quality","symptom life"
"CD009298","analysis, subgroup, occiput, delivery, neonatal, digital, fingers, hand, multiparous, nulliparous, posterior, rotation","analysis subgroup occiput delivery","analysis subgroup"
"CD009362","pressure, ulcer, anatomical, development, location, adverse, stage, time","pressure ulcer anatomical development","pressure ulcer"
"CD009417","duration, need, adverse, hospitalisation, mechanical, oxygen, supplemental, ventilation, admission, cause, days, during","duration need adverse hospitalisation","duration need"
"CD009508","incontinence, cure, episode, episodes, frequency, improvement, life, quality, satisfaction, subjective","incontinence cure episode episodes","incontinence cure"
"CD009531","months, quality, analysis, health, life, mental, hospital, admissions, subgroup, attrition, physical, psychiatric","months quality analysis health","months quality"
"CD009535","kdqol, year, annual, cause, kidney, physical, pressure, blood, component, costs, currency, death","kdqol year annual cause","kdqol year"
"CD009609","hours, heart, respiratory, hour, adverse, duration, escalation, hospital, length, need, oxygen, stay","hours heart respiratory hour","hours heart"
"CD009679","months, score, function, knee, length, blood, limb, loss, lower, motion, radiological, range","months score function knee","months score"
"CD009730","absolute, predicted, relative, baseline, from, adverse, exacerbation, litres, score, weight, antibiotic, days","absolute predicted relative baseline","absolute predicted"
"CD009749","pregnancy, birth, clinical, dhea, live, ongoing, miscarriage, adverse, analyses, complications, multiple, sensitivity","pregnancy birth clinical dhea","pregnancy birth"
"CD009752","levels, mmol, adverse, bypass, cardiopulmonary, severe, after, lactate, days, surgery, post, prime","levels mmol adverse bypass","levels mmol"
"CD009788","service, care, functioning, satisfaction, state, clinically, days, early, emergency, general, global, hospital","service care functioning satisfaction","service care"
"CD009945","adverse, responder, withdrawal","adverse responder withdrawal","adverse responder"
"CD010001","pregnancy, vasodilators, clinical, vasodilator, endometrial, thickness, side, birth, live, oestrogens, ongoing, adverse","pregnancy vasodilators clinical vasodilator","pregnancy vasodilators"
"CD010136","hours, pain, percussion, swelling, days, number, ibuprofen, tablets, total, acetaminophen, codeine, endodontic","hours pain percussion swelling","hours pain"
"CD010145","term, tumour, grade, incidence, least, defined, recist, response, short, year, intermediate, life","term tumour grade incidence","term tumour"
"CD010163","adverse, cause, complications, follow, liver, metastases, recurrence, response, tumour, year","adverse cause complications follow","adverse cause"
"CD010189","incidence, gvhd, engraftment, grade, relapse, time, extensive, free, neutrophil, platelet, related, transplant","incidence gvhd engraftment grade","incidence gvhd"
"CD010216","creatinine, adverse, pmol, weeks, months, nnal, serious, carbon, hpma, monoxide, blood, heart","creatinine adverse pmol weeks","creatinine adverse"
"CD010290","woman, pregnancy, multiple, gonadotropins, urinary, birth, live, analysis, sensitivity, clinical, ectopic, incidence","woman pregnancy multiple gonadotropins","woman pregnancy"
"CD010333","corrected, months, auditory, days, assisted, automated, bayley, brainstem, cause, cerebral, developmental, discharge","corrected months auditory days","corrected months"
"CD010441","incidence, perineal, after, degree, delivery, episiotomy, oedema, trauma, vaginal, apgar, both, first","incidence perineal after degree","incidence perineal"
"CD010533","adverse, free, progression, grade, incidence, malignancy, primary, related, second, secondary, serious","adverse free progression grade","adverse free"
"CD010583","days, additional, complications, hospital, infection, postoperative, abdominal, costs, interventions, intra, length, morbidity","days additional complications hospital","days additional"
"CD010779","force, motion, passive, range, standardised, function, metres, newton, pain, stiffness","force motion passive range","force motion"
"CD010856","teeth, decayed, filled, missing, number, analysis, dmft, sensitivity, permanent, primary, caries, free","teeth decayed filled missing","teeth decayed"
"CD010861","days, iron, oral, allocation, bias, dosage, excluded, fatigue, type, breastfeeding, hospital, maternal","days iron oral allocation","days iron"
"CD010966","from, baseline, absolute, adverse, domain, score, month, chloride, participants, respiratory, sweat, occurring","from baseline absolute adverse","from baseline"
"CD011039","function, improvement, adverse, cause, first, follow, kidney, liver, months, morbidity, parameters, participants","function improvement adverse cause","function improvement"
"CD011044","grade, response, anaemia, degradation, diarrhoea, fatigue, free, months, nausea, neuropathy, neutropenia, progression","grade response anaemia degradation","grade response"
"CD011060","before, bilirubin, discharge, encephalopathy, exchange, hyperbilirubinemia, phototherapy, readmission, transfusion","before bilirubin discharge encephalopathy","before bilirubin"
"CD011120","adverse, attempts, cause, cessation, quit, serious, tobacco","adverse attempts cause cessation","adverse attempts"
"CD011192","eclampsia, hypertension, after, conception, death, loss, maternal, pregnancy, preterm, severe, time, weeks","eclampsia hypertension after conception","eclampsia hypertension"
"CD011197","life, quality, afss, capacity, exercise, physical, component, episode, functioning, health, mental, role","life quality afss capacity","life quality"
"CD011204","months, proportion, from, baseline, participants, experiencing, improvement, adas, global, rating, discontinuations, galantamine","months proportion from baseline","months proportion"
"CD011218","belt, frequency, seat, wearing, bojesen, ehrlich, fernandez, hempel, johnston, kreuter, suffoletto, sullman","belt frequency seat wearing","belt frequency"
"CD011305","months, days, number, bleeding, equivalent, grade, transfusions, cause, ctcae, participant, admission, death","months days number bleeding","months days"
"CD011330","symptoms, adverse, withdrawal, continuous, functional, global, menopausal, physical, psychological, score, side","symptoms adverse withdrawal continuous","symptoms adverse"
"CD011381","comparisons, months, life, quality, related, lesions, msqol, weighted, relapse, adverse, disability, enhancing","comparisons months life quality","comparisons months"
"CD011468","adverse, life, patency, post, quality, secondary, syndrome, thrombotic","adverse life patency post","adverse life"
"CD011535","anti, other, biologics, alpha, biologic, etanercept, inhibitors, methotrexate, molecule, small, targeted, treatements","anti other biologics alpha","anti other"
"CD011575","excluding, adverse, cardiovascular, jatos, serious, cause, stroke, achieved, failure, mean, total, cardioavascular","excluding adverse cardiovascular jatos","excluding adverse"
"CD011600","exacerbations, severe, death, moderate, causes, time, first, pneumonia, sgrq, trough, adverse, baseline","exacerbations severe death moderate","exacerbations severe"
"CD011624","length, cord, gestational, neonatal, maternal, score, stay, adiponectin, birthweight, blood, circumference, composite","length cord gestational neonatal","length cord"
"CD011626","cardiac, concentration, iron, liver, value, adverse, ejection, ferritin, fraction, left, myocardial, serum","cardiac concentration iron liver","cardiac concentration"
"CD011627","number, participants, intervention, related, associated, care, dermatitis, incontinence, itch, pain, procedures, products","number participants intervention related","number participants"
"CD011670","bowel, days, from, abdominal, abscess, activities, away, faecal, fistula, hospital, infection, length","bowel days from abdominal","bowel days"
"CD011671","graft, function, delayed, follow, month, dichotomous, donor, duration, first, maximum, preservation, primary","graft function delayed follow","graft function"
"CD011689","maternal, being, blood, well, abdominal, additional, admissions, breastfeeding, care, death, diarrhoea, fever","maternal being blood well","maternal being"
"CD011762","bleeding, major, adverse, lmwh, rivaroxaban, direct, factor, fatal, hepatic, other, serious, apixaban","bleeding major adverse lmwh","bleeding major"
"CD011778","months, baseline, from, according, analysis, negative, subgroup, type","months baseline from according","months baseline"
"CD011793","postoperative, time, days, minutes, stay, admission, aortic, atrial, blood, bypass, cardiopulmonary, care","postoperative time days minutes","postoperative time"
"CD011800","level, bone, density, mineral, achieved, baseline, from, hormone, hyperparathyroidism, parathyroid, secondary, status","level bone density mineral","level bone"
"CD011806","vitamin, mixed, follow, levels, analysis, sensitivity, activity, adverse, fixed, normalisation, crohn, clinical","vitamin mixed follow levels","vitamin mixed"
"CD011841","months, central, mean, adverse, baseline, between, chorioretinopathy, serous, retinal, atrophy, contrast, damage","months central mean adverse","months central"
"CD011851","analysis, sensitivity, blood, pressure, excluding, fixed, model, bias, high, systolic, cholesterol, density","analysis sensitivity blood pressure","analysis sensitivity"
"CD011858","bleeding, access, vascular, time, thrombosis, clotting, dialysis, haemorrhage, activated, cardiovascular, circuit, death","bleeding access vascular time","bleeding access"
"CD011866","abstinence, longest, follow, point, continuous, dependence, severity, craving, depression, dropouts, frequency, intake","abstinence longest follow point","abstinence longest"
"CD011885","adverse, better, score, lower, average, endpoint, extrapyramidal, panss, clinically, mean, symptoms, measured","adverse better score lower","adverse better"
"CD012067","kidney, volume, total, egfr, adjusted, height, albuminuria, annual, creatinine, urine, proteinuria, serum","kidney volume total egfr","kidney volume"
"CD012079","prolapse, years, repeat, surgery, examination, function, incontinence, recurrent, compartment, novo, urinary, awareness","prolapse years repeat surgery","prolapse years"
"CD012152","years, seven, disability, hypoglycaemia, developmental, factor, impairment, neurological, delay, dysfunction, executive, intellectual","years seven disability hypoglycaemia","years seven"
"CD012170","consumption, health, life, quality, blood, mental, physical, pressure, activity, alcohol, amount, behaviour","consumption health life quality","consumption health"
"CD012178","incidence, grades, stage, above, adverse, assessed, nicu, reported, severe, stay, throughout","incidence grades stage above","incidence grades"
"CD012186","saes, withdrawals","saes withdrawals","saes withdrawals"
"CD012214","endometrial, hyperplasia, atrophic, atypia, endometrium, proliferative, regression, secretory, abnormal, adverse, bleeding, cancer","endometrial hyperplasia atrophic atypia","endometrial hyperplasia"
"CD012265","admission, duration, enteral, feeds, full, hospital, intestinal, microflora, pathogenic, proven, sepsis, time","admission duration enteral feeds","admission duration"
"CD012268","analysis, body, subgroup, weight, baseline, circumference, duration, intention, intervention, mass, menopausal, size","analysis body subgroup weight","analysis body"
"CD012335","adverse, recurrence, cancer, grades, perioperative, cause, direct, extrapelvic, free, genitourinary, grade, higher","adverse recurrence cancer grades","adverse recurrence"
"CD012397","aggression, behaviours, specific, adverse, coercive, measures, room, seclusion, aggressive, behaviour, clinically, days","aggression behaviours specific adverse","aggression behaviours"
"CD012426","days, adverse, analysis, remove, sensitivity, bias, high, results, serious, functional, improvement, severity","days adverse analysis remove","days adverse"
"CD012429","adverse, disorders, movement, state, mental, abdominal, additional, agitation, aims, akathisia, bars, benzodiazpines","adverse disorders movement state","adverse disorders"
"CD012445","follow, latest, postintervention, parenting, anxiety, depression, parental, adjustment, behavioural, child, emotional, mindfulness","follow latest postintervention parenting","follow latest"
"CD012503","based, intervention, analysis, subgroup, days, endpoint, functional, during, follow, bilateral, cardiovascular, duration","based intervention analysis subgroup","based intervention"
"CD012532","free, progression","free progression","free progression"
"CD012570","adverse, blood, pressure, cause, diastolic, heart, serious, systolic, wdae, withdrawal","adverse blood pressure cause","adverse blood"
"CD012572","blood, pressure, fatal, subgrouped, diastolic, systolic, duration, type, attack, cardiovascular, cause, clinical","blood pressure fatal subgrouped","blood pressure"
"CD012586","number, pregnancy, embryo, birth, blastocyst, cancellation, cleavage, clinical, ectopic, frozen, live, miscarriage","number pregnancy embryo birth","number pregnancy"
"CD012594","adverse, number, previously, reaction, reports, unexpected, unknown","adverse number previously reaction","adverse number"
"CD012609","adverse, clinical, loss, relapse, response, serious, withdrawal, endoscopic, exclusively, fistulating, total","adverse clinical loss relapse","adverse clinical"
"CD012623","closure, etdrs, following, gained, hole, intervention, letters, macular, vision, visual","closure etdrs following gained","closure etdrs"
"CD012635","cause, days, hours, first, after, injury, thromboembolic, within, arterial, haemorrhage, interventional, procedure","cause days hours first","cause days"
"CD012642","weight, growth, mmol, weeks, arteriosus, birth, bronchopulmonary, days, discharge, ductus, dysplasia, enterocolitis","weight growth mmol weeks","weight growth"
"CD012693","response, cycle, pregnancy, birth, cancellations, hyper, live, poor, stimulation, ohss, oocytes, severe","response cycle pregnancy birth","response cycle"
"CD012712","days, enterocolitis, necrotising, stage, bell, duration, endotracheal, failure, haemorrhage, hospital, intraventricular, lung","days enterocolitis necrotising stage","days enterocolitis"
"CD012718","follow, caries, secondary, analysed, pain, sensitivity, adverse, aesthetics, arrest, dental, number, people","follow caries secondary analysed","follow caries"
"CD012757","response, after, follow, measures, tumour, months, complete, partial, longest, progressive, stable","response after follow measures","response after"
"CD012850","pain, joint, rest, mandibular, data, muscle, dichotomous, motion, opening, range, mastication, reported","pain joint rest mandibular","pain joint"
"CD012886","musculoskeletal, symptoms, intensity, discomfort, productivity, performance, work, pain, back, neck, left, right","musculoskeletal symptoms intensity discomfort","musculoskeletal symptoms"
"CD012891","ovarian, gonadotropins, grouped, hyperstimulation, years, free, receptor, standard, status, after, clinical, number","ovarian gonadotropins grouped hyperstimulation","ovarian gonadotropins"
"CD012905","baseline, from, creatinine, development, serum, adverse, analysis, attrition, based, bias, days, death","baseline from creatinine development","baseline from"
"CD012925","client, services, health, primary, utilisation, healthcare, being, status, well, ratio, adherence, dichotomous","client services health primary","client services"
"CD012942","adverse, dropouts, response, antidepressant, antidepressants, class, each, escitalopram, levels, paroxetine, sertraline, symptom","adverse dropouts response antidepressant","adverse dropouts"
"CD012967","months, score, impairment, symptom, validated, adverse, cessation, leading","months score impairment symptom","months score"
"CD012993","adverse, baseline, from, emergent, life, quality, weeks, breakdown, infusion, predicted, reactions, promis","adverse baseline from emergent","adverse baseline"
"CD012997","adverse, cause, complications, death, emergent, incidence, neurological","adverse cause complications death","adverse cause"
"CD013023","catheter, adverse, arterial, bloodstream, dislodgement, failure, incidence, infection, occlusion, related","catheter adverse arterial bloodstream","catheter adverse"
"CD013038","time, days, discharge, exposure, feeds, first, full, home, reach, type, during, enteral","time days discharge exposure","time days"
"CD013042","mean, grip, pain, strength, health, disability, life, quality, related, free, proportion, analysis","mean grip pain strength","mean grip"
"CD013051","discharge, resolution, weeks, analysis, csom, diagnosis, discomfort, irritation, local, pain, subgroup","discharge resolution weeks analysis","discharge resolution"
"CD013052","discharge, resolution, weeks, after, analysis, ototoxicity, sensitivity, complications, csom, diagnosis, pain, serious","discharge resolution weeks after","discharge resolution"
"CD013053","discharge, resolution, analyses, analysis, case, csom, diagnosis, excluded, including, media, otitis, sensitivity","discharge resolution analyses analysis","discharge resolution"
"CD013054","discharge, resolution, weeks, analysis, discomfort, pain, subgroup, after, balance, csom, diagnosis, dizziness","discharge resolution weeks analysis","discharge resolution"
"CD013055","discharge, resolution, weeks, after, discomfort, irritation, months, pain","discharge resolution weeks after","discharge resolution"
"CD013056","discharge, resolution, weeks, after, discomfort, hearing, irritation, pain","discharge resolution weeks after","discharge resolution"
"CD013057","discharge, resolution, weeks, after, dizziness, tinnitus, vertigo","discharge resolution weeks after","discharge resolution"
"CD013059","symptomatology, depressive, contact, therapeutic, acceptability, anxious, being, intervention, life, number, psychological, quality","symptomatology depressive contact therapeutic","symptomatology depressive"
"CD013071","iief, erectile, function, sexual, life, quality, analysis, sensitivity, subgroup, conversion, metabolic, satisfaction","iief erectile function sexual","iief erectile"
"CD013078","months, follow, function, intensity, pain, assessment, global, success, muscle, return, sport, strength","months follow function intensity","months follow"
"CD013105","prolapse, awareness, failure, function, objective, perioperative, site, adverse, assessment, bladder, bowel, global","prolapse awareness failure function","prolapse awareness"
"CD013111","progestin, oral, plus, intrauterine, levonorgestrel, system, complete, metformin, pathological, response, adverse, birth","progestin oral plus intrauterine","progestin oral"
"CD013158","surfactant, bronchopulmonary, discharge, dysplasia, grades, hospital, infants, number, pneumothorax, prematurity, prior, receiving","surfactant bronchopulmonary discharge dysplasia","surfactant bronchopulmonary"
"CD013166","analysis, erectile, function, response, status, subgroup, adverse, discontinuation, from, related, penile, rigidity","analysis erectile function response","analysis erectile"
"CD013197","surgery, after, postoperative, pain, adverse, serious, hours, term, short, subgroup, hour, pacu","surgery after postoperative pain","surgery after"
"CD013232","adverse, irritability, subgroup, analyses, continuous, analysis, dichotomous, metabolic, neurological, option, system, immune","adverse irritability subgroup analyses","adverse irritability"
"CD013255","discharge, follow, hospital, procedural, rhythm, sinus, success, until, atrial, flutter, paroxysmal, persistent","discharge follow hospital procedural","discharge follow"
"CD013278","severe, moderate, months, days, time, delay, duration, grades, pharmacotherapy, receipt, during, enteral","severe moderate months days","severe moderate"
"CD013284","moderate, severe, difference, exacerbations, exacerbation, predicted, baseline, cause, inter, mean, stratified, more","moderate severe difference exacerbations","moderate severe"
"CD013294","oxygen, time, saturation, range, desired, alarm, below, excluding, limit, room, above, average","oxygen time saturation range","oxygen time"
"CD013295","blood, experiencing, included, only, transfusion, allogeneic, reactions, cells, hospital, length, need, serious","blood experiencing included only","blood experiencing"
"CD013303","term, intervention, post, health, short, immediately, literacy, months, medium, behaviour, knowledge, self","term intervention post health","term intervention"
"CD013329","child, family, satisfaction, care, cahps, health, healthcare, costs, getting, number, quality, quickly","child family satisfaction care","child family"
"CD013331","frequency, tens, high, pain, relief, additional, analgesics, number, requirements, absence, adverse, from","frequency tens high pain","frequency tens"
"CD013332","adverse, cause, hospital, hypoglycaemia, length, stay","adverse cause hospital hypoglycaemia","adverse cause"
"CD013342","mean, pain, best, function, life, quality, adverse, joint, bone, cartilage, cell, lesions","mean pain best function","mean pain"
"CD013344","copies, creatinine, load, viraemia, viral, months, serum, adverse, bkvan, rejection, related, associated","copies creatinine load viraemia","copies creatinine"
"CD013353","during, endotracheal, suctioning, behaviours, alps, defence, heart, oxygen, pipp, regulatory, saturation, scale","during endotracheal suctioning behaviours","during endotracheal"
"CD013355","neurological, haemorrhage, intraventricular, arterial, during, endotracheal, haemodynamic, hypotension, leukomalacia, lung, periventricular, pipp","neurological haemorrhage intraventricular arterial","neurological haemorrhage"
"CD013358","baseline, from, mmol, blood, cholesterol, clinical, fatal, mmhg, pressure, self, adverse, anxiety","baseline from mmol blood","baseline from"
"CD013366","analysis, catheter, sensitivity, occlusion, picc, analyses, failure, subgroup, thromboembolism, venous, related, breakage","analysis catheter sensitivity occlusion","analysis catheter"
"CD013377","adverse, health, least, life, participants, quality, serious, years, baseline, free, from, global","adverse health least life","adverse health"
"CD013396","airway, allergic, asthma, continuous, infection, inflammation, sensitisation, against, allergens, authors, common, counts","airway allergic asthma continuous","airway allergic"
"CD013408","analysis, sensitivity, bleeding, cardiovascular, cause, hospitalisation, cerebrovascular, complications, department, emergency, major, related","analysis sensitivity bleeding cardiovascular","analysis sensitivity"
"CD013414","analysis, subgroup, death, egfr, uacr, adpkd, adverse, duration, withdrawal, cause, deficiency, failure","analysis subgroup death egfr","analysis subgroup"
"CD013421","combining, indications, multiple, surgery, time, bleeding, hemostasis, operating, achieving, blood, complications, days","combining indications multiple surgery","combining indications"
"CD013425","analysis, sensitivity, state, adverse, clinically, excluded, high, important, mental, specific, applied, endpoint","analysis sensitivity state adverse","analysis sensitivity"
"CD013429","eustachian, objective, tube, primary, secondary, function, measured, semi, test, dysfunction, etdq, months","eustachian objective tube primary","eustachian objective"
"CD013445","stone, analysis, subgroup, free, complications, definition, freedom, sensitivity, major, secondary, imaging, interventions","stone analysis subgroup free","stone analysis"
"CD013456","trauma, focused, interventions, symptoms, months, inactive, post, psychosocial, anxiety, depressive, ptsd, distress","trauma focused interventions symptoms","trauma focused"
"CD013462","postoperative, according, defined, definition, grade, fistula, isgpf, pancreatic, surgical, adverse, bleeding, complications","postoperative according defined definition","postoperative according"
"CD013468","related, burn, pruritus, adverse, analogue, health, life, pain, participant, pruritic, quality, score","related burn pruritus adverse","related burn"
"CD013474","type, adverse, time, related, discontinuation, free, grade, progression, response, complete, health, life","type adverse time related","type adverse"
"CD013476","follow, months, score, asthma, after, dosage, health, life, nasal, quality, related, scores","follow months score asthma","follow months"
"CD013508","hads, hrqol, anxiety, cause, depression, mace, self","hads hrqol anxiety cause","hads hrqol"
"CD013539","antibodies, response, adverse, antidrug, free, complete, duration, neutralising, objective, pathological, progression, serious","antibodies response adverse antidrug","antibodies response"
"CD013541","postintervention, months, month, family, service, negative, state, mental, positive, hospital, functioning, number","postintervention months month family","postintervention months"
"CD013561","according, biochemical, normalisation, remission, persistent, recurrent, adverse, complications, related, surgery, surgical","according biochemical normalisation remission","according biochemical"
"CD013571","after, long, months, term, immediately, episodes, hours, number, participant, reported, related, symptom","after long months term","after long"
"CD013590","frequency, complications, related, pain, crisis, number, participants, severity, crises, haemoglobin, mean, months","frequency complications related pain","frequency complications"
"CD013591","measures, behaviour, dietary, other, activity, anthropometric, physical, healthy, intake, body, energy, fruit","measures behaviour dietary other","measures behaviour"
"CD013595","month, eortc, adverse, anaemia, complete, ctcae, cytogenetic, diarrhoea, entry, free, grade, infections","month eortc adverse anaemia","month eortc"
"CD013613","endpoint, months, three, ptsd, severity, adverse, analysis, anxiety, cases, depression, dropout, dropouts","endpoint months three ptsd","endpoint months"
"CD013614","weeks, measured, criteria, improvement, response, dactylitis, baseline, enthesitis, health, life, psaqol, quality","weeks measured criteria improvement","weeks measured"
"CD013631","weeks, function, composition, microbiota, toxins, uraemic, faecal, intolerance, kidney, upset, sulfate, adverse","weeks function composition microbiota","weeks function"
"CD013643","term, number, short, year, improvement, reported, incontinence, medium, years, continent, measures, women","term number short year","term number"
"CD013672","analysis, subgroup, care, primary, abstinence, from, opioids, prescribed, retention, criteria, diagnostic, used","analysis subgroup care primary","analysis subgroup"
"CD013707","fraction, length, mechanical, requiring, stay, arrhythmia, cardiac, care, cause, circulatory, days, duration","fraction length mechanical requiring","fraction length"
"CD013715","weeks, adverse, pedacr, serious, withdrawals, remission, time, activity, assessment, global, pain, participant","weeks adverse pedacr serious","weeks adverse"
"CD013719","hair, analysis, regrowth, sensitivity, term, short, contact, immunotherapy, inhibitors, molecule, oral, small","hair analysis regrowth sensitivity","hair analysis"
"CD013726","adverse, angle, assessment, failure, function, global, hallux, life, measurement, pain, participant, quality","adverse angle assessment failure","adverse angle"
"CD013729","follow, term, medium, blood, pressure, cholesterol, long, systolic, density, diastolic, health, life","follow term medium blood","follow term"
"CD013731","measured, months, adverse, cause, follow, progression, serious, year, considered, number, participants, weeks","measured months adverse cause","measured months"
"CD013745","antiplatelet, apixaban, edoxaban, noacs, rivaroxaban","antiplatelet apixaban edoxaban noacs","antiplatelet apixaban"
"CD013748","cerebral, artery, case, complications, delayed, fatality, functional, haemorrhagic, hydrocephalus, infarction, ischaemia, poor","cerebral artery case complications","cerebral artery"
"CD013757","hospitalisation, days, illness, infection, length, related, respiratory, stay, adverse, analysis, care, hospital","hospitalisation days illness infection","hospitalisation days"
"CD013758","analysis, subgroup, duration, score, height, weight, adverse, circumference, head, complementary, foods, formula","analysis subgroup duration score","analysis subgroup"
"CD013763","hours, mean, pain, difference, intensity, postoperative, rest, postoperatively, activity, during, adverse, related","hours mean pain difference","hours mean"
"CD013764","pregnancy, abortion, adherence, blood, continued, continuing, emergency, hospitalisation, satisfaction, successful, transfusion, visit","pregnancy abortion adherence blood","pregnancy abortion"
"CD013773","axial, error, incidence, length, myopia, refractive","axial error incidence length","axial error"
"CD013774","analysis, subgroup, time, cause, death, from, atezolizumab, pembrolizumab, adverse, grade, cisplatin, durvalumab","analysis subgroup time cause","analysis subgroup"
"CD013781","secondary, number, participants, requiring, additional, inotropic, adverse, primary, cardiac, failure, hours, proportion","secondary number participants requiring","secondary number"
"CD013789","scar, other, posas, caregiver, participant, colour, observer, improvement, pliability, thickness, high, pigmentation","scar other posas caregiver","scar other"
"CD013800","residual, function, infection, kidney, months, death, bacteraemia, bloodstream, cause, episodes, heart, hospitalisation","residual function infection kidney","residual function"
"CD013801","incidence, term, evaluated, physician, medium, reported, severity, signs, symptoms, capacity, functional, analysis","incidence term evaluated physician","incidence term"
"CD013810","life, quality, cardiovascular, dimensions, factor, pressure, blood, assessment, euroqol, hour, component, diastolic","life quality cardiovascular dimensions","life quality"
"CD013816","adverse, hematoma, tamponade, bleeding, device, ischemic, pocket, cardiac, clinically, composite, effusion, embolism","adverse hematoma tamponade bleeding","adverse hematoma"
"CD013821","postoperative, being, well, complications, satisfaction, term, breast, days, duration, length, locoregional, long","postoperative being well complications","postoperative being"
"CD013822","knowledge, confidence, anxiety, continuous, long, term, dichotomous, cancer, conflict, decisional, depression, regret","knowledge confidence anxiety continuous","knowledge confidence"
"CD013823","concentrations, maternal, infant, vitamin, anaemia, haemoglobin, total, birth, birthweight, deficiency, homocysteine, hyperhomocysteinaemia","concentrations maternal infant vitamin","concentrations maternal"
"CD013827","pregnancy, total, analysis, birth, cancellation, clinical, cumulative, duration, gonadotropins, live, ongoing, oocyte","pregnancy total analysis birth","pregnancy total"
"CD013830","oxygen, days, disability, positive, pressure, requiring, stage, ventilation, after, arteriosus, corrected, death","oxygen days disability positive","oxygen days"
"CD013834","scale, test, walking, cognitive, digit, endurance, fatigue, fsst, gait, international, modalities, pasat","scale test walking cognitive","scale test"
"CD013835","days, cause, related","days cause related","days cause"
"CD013844","follow, postintervention, self, harm, ideation, months, suicidal, term, analysis, sensitivity, short, hopelessness","follow postintervention self harm","follow postintervention"
"CD013853","exergaming, alternative, functioning, people, cognitive, dropouts, number, composite, global, dementia, follow, intervention","exergaming alternative functioning people","exergaming alternative"
"CD013857","incidence, amputation, injury, localised, major, tissue","incidence amputation injury localised","incidence amputation"
"CD013874","months, over, follow, adverse, relapse, time, infections, lesions, type, gadolinium, serious, common","months over follow adverse","months over"
"CD013875","pregnancy, analysis, sensitivity, ratio, birth, live, clinical, ongoing, miscarriage, bias, delivery, ectopic","pregnancy analysis sensitivity ratio","pregnancy analysis"
"CD014040","participant, bias, birth, fertilization, pregnancy, clinical, failure, live, miscarriage, total, blastocyst, cleavage","participant bias birth fertilization","participant bias"
"CD014089_data","attacks, duration, assessment, average, digital, global, minutes, number, people, ulcers, adverse, attack","attacks duration assessment average","attacks duration"
"CD014145","after, days, initiation, positive, pressure, ventilation, apnea, duration, failed, ippv, oxygen, causing","after days initiation positive","after days"
"CD014160","abstinence, duration, hospital, neonatal, syndrome, admission, during, oral, adverse, instability, irritation, length","abstinence duration hospital neonatal","abstinence duration"
"CD014300","children, endpoint, follow, being, mental, well, adults, acceptability, behaviour, functioning, prosocial, resilience","children endpoint follow being","children endpoint"
"CD014428","summary, component, anxiety, depression, health, life, quality, related, avoidance, fear, physical, activity","summary component anxiety depression","summary component"
"CD014497","remision, clinical, endoscopic, induction","remision clinical endoscopic induction","remision clinical"
"CD014541","days, term, short, fewer, analysis, subgroup, symptomatic, bleeding, major, long, more, sensitivity","days term short fewer","days term"
"CD014544","hrqol, bleeds, proportion, zero, bleeding, participants, haem, ratio, adverse, annualized, fixed, index","hrqol bleeds proportion zero","hrqol bleeds"
"CD014573_data","analysis, cases, cholera, follow, protocol, year, month, booster, dehydrating, severe","analysis cases cholera follow","analysis cases"
"CD014574","term, months, long, improvement, medium, significant, clinically, short, adverse, ability, functional, score","term months long improvement","term months"
"CD014580","life, quality, defecation, reported, abdominal, adverse, child, consistency, criteria, faecal, frequency, fulfilment","life quality defecation reported","life quality"
"CD014585","dyspepsia, global, symptoms, dichotomous, ulcer, adverse, complications, continuous, incident, life, quality","dyspepsia global symptoms dichotomous","dyspepsia global"
"CD014594","analysis, sensitivity, excluding, rescue, access, successful, time, bleeding, from, success, attempts, dissection","analysis sensitivity excluding rescue","analysis sensitivity"
"CD014617","within, eyes, healed, hours, proportion, abrasion, adverse, chung, corneal, infection, month, ocular","within eyes healed hours","within eyes"
"CD014623","adverse, nerve, action, amplitudes, corneal, fibre, impairment, length, life, neuropathy, peripheral, potential","adverse nerve action amplitudes","adverse nerve"
"CD014624","phase, depression, early, severity, acceptability, barkin, functioning, index, maternal, remission, response, according","phase depression early severity","phase depression"
"CD014666","according, falling, fear, subgrouped, immediate, postintervention, interventions, based, activity, anxiety, approach, avoidance","according falling fear subgrouped","according falling"
"CD014678","bleeding, major, cardiovascular, cause, apixaban, dabigatran, rivaroxaban, embolism, infarction, myocardial, stent, stroke","bleeding major cardiovascular cause","bleeding major"
"CD014687","term, final, values, short, analysis, meta, intermediate, function, long, pain, mfpds, satisfaction","term final values short","term final"
"CD014688","baseline, between, months, life, quality, adolescent, child, parent, reported, attendance, department, emergency","baseline between months life","baseline between"
"CD014713","hospital, unplanned, days, within, presentation, month, admissions, department, emergency, months, presentations, appointments","hospital unplanned days within","hospital unplanned"
"CD014722","months, symptoms, distress, ptsd, adults, life, quality, depressive, diagnosis, disorders, functioning, impairment","months symptoms distress ptsd","months symptoms"
"CD014736","follow, absolute, values, metres, walking, component, distance, health, life, quality, related, ankle","follow absolute values metres","follow absolute"
"CD014741","adverse, incidence, fatal, infection, infections, serious, infarction, myocardial, angina, cause, failure, heart","adverse incidence fatal infection","adverse incidence"
"CD014755","adverse, chemotherapy, cycles, death, emergency, grade, hysterectomy, number, pregnancy, relapse, remission, specific","adverse chemotherapy cycles death","adverse chemotherapy"
"CD014758","baseline, from, axial, length, error, refractive, years, cessation, following, year","baseline from axial length","baseline from"
"CD014762","after, randomisation, symptoms, days, resolution, antibiotic, term, adverse, bacteria, duration, emergence, medium","after randomisation symptoms days","after randomisation"
"CD014763","participant, satisfaction, satisfied, unsatisfied, very, anastomotic, days, hernia, hospital, incisional, infection, intestinal","participant satisfaction satisfied unsatisfied","participant satisfaction"
"CD014769","analysis, subgroup, stratified, statin, type, sensitivity, disorders, data, excluding, after, different, gastrointestinal","analysis subgroup stratified statin","analysis subgroup"
"CD014785","months, mean, children, proportion, score, height, weight, after, before, beta, carotene, eaten","months mean children proportion","months mean"
"CD014792","complications, clavien, dindo, postoperative, classification, defined, major, minor, delayed, emptying, fistula, gastric","complications clavien dindo postoperative","complications clavien"
"CD014802","months, days, years, adverse, complications, dimension, euroqol, life, quality, death, functional, measured","months days years adverse","months days"
"CD014803","depression, measure, attrition, continuous, dichotomous, dropouts, remission, reported, self, symptoms","depression measure attrition continuous","depression measure"
"CD014811","hospital, adverse, available, cause, days, discharge, follow, following, injury, kidney, length, longest","hospital adverse available cause","hospital adverse"
"CD014820","adverse, akin, death, kdigo, rifle, serum, cause, creatinine, cystatin, days, dialysis, hospital","adverse akin death kdigo","adverse akin"
"CD014833","intervention, post, months, term, breastfeeding, immediately, exclusivity, short, depression, duration, incidence, depressive","intervention post months term","intervention post"
"CD014844","infection, uterine, adverse, subgroup, administration, after, allergy, analysis, anaphylaxis, antibiotic, antibiotics, bias","infection uterine adverse subgroup","infection uterine"
"CD014845","food, kcal, analysis, purchasing, selection, subgroup, consumption, alcohol, sensitivity, bias, label, setting","food kcal analysis purchasing","food kcal"
"CD014852","intervention, phase, status, nutritional, score, follow, during, analysis, life, quality, subgroup, paretic","intervention phase status nutritional","intervention phase"
"CD014855","hospital, abscess, costs, infection, intraperitoneal, morbidity, stay, wound","hospital abscess costs infection","hospital abscess"
"CD014861","administration, hospital, hours, life, participants, proportion, quality, within, attendance, cost, eortc, health","administration hospital hours life","administration hospital"
"CD014869","between, years, cause, adverse, analysis, best, case, number, participants, scenario, sensitivity, serious","between years cause adverse","between years"
"CD014871","peak, knee, flexion, moment, ankle, impulse, adduction, affected, contralateral, during, dorsiflexion, range","peak knee flexion moment","peak knee"
"CD014872","approved, free, progression, cancer, haematological, care, chemotherapy, hormonal, response, standard, solid, adverse","approved free progression cancer","approved free"
"CD014889","adverse, anastomosis, cause, esophageal, leakage, mediastinitis, sepsis, serious, stricture","adverse anastomosis cause esophageal","adverse anastomosis"
"CD014891","acuity, visual, logmar, uncorrected, intermediate, corrected, distance, than, worse, curve, defocus, near","acuity visual logmar uncorrected","acuity visual"
"CD014914","continuous, severity, analysis, nasal, dichotomous, primary, throat, mean, congestion, drainage, proportion, subgroup","continuous severity analysis nasal","continuous severity"
"CD014920","term, cause, days, infarction, long, myocardial, cardiovascular, hospital, length, perioperative, short, stay","term cause days infarction","term cause"
"CD014923","months, assessment, paired, parallel, unpaired, disability, cognitive, digit, functionally, gait, general, improved","months assessment paired parallel","months assessment"
"CD014932","improvement, measures, measured, reduction, severity, life, quality, clinical, psychological, signs, symptoms, being","improvement measures measured reduction","improvement measures"
"CD014935","analysis, sensitivity, adverse, serious, case, scenario, cause, best, days, fixed, hospitalisation, model","analysis sensitivity adverse serious","analysis sensitivity"
"CD014937","analysis, kidney, injury, sensitivity, subgroup, bias, concerns, some, diuretic, excluding, only, population","analysis kidney injury sensitivity","analysis kidney"
"CD014941","analysis, cenobamate, adverse, subgroup, seizure, baseline, during, maintenance, month, period, reduction, withdrawal","analysis cenobamate adverse subgroup","analysis cenobamate"
"CD014944","participants, proportion, year, success, adverse, analysis, best, case, follow, health, life, longest","participants proportion year success","participants proportion"
"CD014959","laboratory, analysis, sensitivity, leptospirosis, confirmed, diagnosis, case, scenario, clinical, best, people, presence","laboratory analysis sensitivity leptospirosis","laboratory analysis"
"CD014960","adverse, penicillin, serious, cefotaxime, doxycycline, cause, considered, people, proportion, infection, nosocomial, ceftriaxone","adverse penicillin serious cefotaxime","adverse penicillin"
"CD014964","time, types, including, only, that, procedure, number, anaesthesia, attempts, first, neuraxial, success","time types including only","time types"
"CD014965","side, other, above, clinically, continuous, gain, levels, measure, metabolic, relevant, scheme, thresholds","side other above clinically","side other"
"CD014966","graft, loss, kidney, donor, analysis, cancer, death, female, incidence, male, pancreatic, rejection","graft loss kidney donor","graft loss"
"CD014967","infants, proportion, discharge, seizure, abnormal, after, months, hospital, requiring, achieve, background, before","infants proportion discharge seizure","infants proportion"
"CD014999","analysis, forrest, sensitivity, reintervention, cause, duration, hospitalization, rebleeding, bleeding, related","analysis forrest sensitivity reintervention","analysis forrest"
"CD015003","adverse, atrial, cardiac, cardiovascular, cause, fatal, fibrillation, infarction, myocardial, post, procedure, stroke","adverse atrial cardiac cardiovascular","adverse atrial"
"CD015014","hospital, residents, proportion, analysis, admission, mean, unplanned, sensitivity, resident, care, least, number","hospital residents proportion analysis","hospital residents"
"CD015033","months, levels, serum, analysis, best, case, scenario, sensitivity, worst, imaging, response, ultrasound","months levels serum analysis","months levels"
"CD015038","pain, score, abdominal, abscess, appendectomy, appendicitis, clostridium, collection, complicated, diarrhoea, difficile, histology","pain score abdominal abscess","pain score"
"CD015040","after, severity, immediately, endpoint, data, imputation, ptsd, symptom, baseline, from, depression, anxiety","after severity immediately endpoint","after severity"
"CD015042","number, women, abstinent, completed, continuously, drinks","number women abstinent completed","number women"
"CD015046","adverse, nbsp, icbs, hypotension, neuropsychiatric, orthostatic, severity, symptoms, anxiety, asymptomatic, blood, bradycardia","adverse nbsp icbs hypotension","adverse nbsp"
"CD015060","proteinuria, baseline, egfr, from, decline, final, increase, worsening, failure, haematuria, improvement, kidney","proteinuria baseline egfr from","proteinuria baseline"
"CD015064","topical, calcineurin, corticosteroids, inhibitors, pimecrolimus, vehicle","topical calcineurin corticosteroids inhibitors","topical calcineurin"
"CD015066","immediate, attenuation, personal, rating, term, earplugs, long, pass, short","immediate attenuation personal rating","immediate attenuation"
"CD015083","follow, last, months, within, lumbar, referral, spine, imaging, receipt, prescription, related, anti","follow last months within","follow last"
"CD015084","improvement, score, clinical, ibdq, life, quality, activity, biochemical, component, inflammation, markers, scale","improvement score clinical ibdq","improvement score"
"CD015087","hours, reported, intensity, pain, party, third, days, medication, rescue, child, requiring, adverse","hours reported intensity pain","hours reported"
"CD015101_data","bctq, function, median, symptoms, adverse, life, quality","bctq function median symptoms","bctq function"
"CD015112","infection, positive, sars, absenteeism, symptomatic","infection positive sars absenteeism","infection positive"
"CD015120","cessation, smoking, comparator, lozenge, patch","cessation smoking comparator lozenge","cessation smoking"
"CD015122","analysis, sensitivity, stone, definition, freedom, bias, complications, surgical, major, adverse, blood, days","analysis sensitivity stone definition","analysis sensitivity"
"CD015123","number, participants, least, lesions, life, quality, weighted, disability, relapse, sustained, time, analysis","number participants least lesions","number participants"
"CD015124","around, assessment, breast, cancer, diagnosis, factors, prognostic","around assessment breast cancer","around assessment"
"CD015134","death, infant, abnormalities, birth, confirmed, congenital, growth, hospitalisation, intrauterine, laboratory, maternal, preterm","death infant abnormalities birth","death infant"
"CD015140","free, model, relapse, time, health, fixed, hrqol, life, quality, random, related, adverse","free model relapse time","free model"
"CD015145","hours, pain, postoperative, score, during, movement, surgery, covariate, opioid, rest, after, technique","hours pain postoperative score","hours pain"
"CD015158","score, aeruginosa, participant, year, hospital, life, quality, total, years, absolute, admissions, cystic","score aeruginosa participant year","score aeruginosa"
"CD015160","repair, within, days, defined, recurrence, cause, clinical, included, infections, mesh, removal, reoperation","repair within days defined","repair within"
"CD015192","infection, adverse, amputation, arterial, cause, failure, from, graft, intervention, interventions, reconstruction, resulting","infection adverse amputation arterial","infection adverse"
"CD015213","according, analysis, sensitivity, wound, bias, time, recurrence, healed, infection, proportion, wounds, characteristics","according analysis sensitivity wound","according analysis"
"CD015215","term, medium, analysis, sensitivity, long, child, hearing, mean, persistence, threshold, myringotomy, adverse","term medium analysis sensitivity","term medium"
"CD015219","hospital, time, admission, adverse, fixed, model, need, progression, ambulatory, cause, days, invasive","hospital time admission adverse","hospital time"
"CD015229","consumption, days, opiate, pain, score, month, months, life, quality","consumption days opiate pain","consumption days"
"CD015252","hearing, analysis, persistence, presence, sensitivity, normal, return, adverse, between, correlation, ears, threshold","hearing analysis persistence presence","hearing analysis"
"CD015254","term, short, analysis, persistence, sensitivity, threshold, assuming, correlation, hearing, speech, coefficient, otitis","term short analysis persistence","term short"
"CD015255","term, short, very, persistence, weeks, analysis, hearing, sensitivity, life, quality, medium, threshold","term short very persistence","term short"
"CD015284","scale, score, epilepsy, inventory, seizure, depression, life, quality, anxiety, qolie, total, frequency","scale score epilepsy inventory","scale score"
"CD015313","baseline, from, improvement, predicted, child, exacerbation, year","baseline from improvement predicted","baseline from"
"CD015314","cessation, follow, longest, tobacco, modality, subgrouped, support","cessation follow longest tobacco","cessation follow"
"CD015326","term, analysis, subgroup, medium, zbmi, short, intervention, percentile, long, sensitivity, setting, socioeconomic","term analysis subgroup medium","term analysis"
"CD015328","term, long, medium, percentile, short, zbmi","term long medium percentile","term long"
"CD015330","term, long, medium, percentile, short, zbmi","term long medium percentile","term long"
"CD015331","high, mean, state, endpoint, mental, poor, points, time, specific, separated, combined, good","high mean state endpoint","high mean"
"CD015332","mean, endpoint, high, state, poor, mental, adverse, points, time, separated, specific, participants","mean endpoint high state","mean endpoint"
"CD015350","proportion, healing, visual, acuity, adverse, complete, cured, distance, harms, serious, severe, corneal","proportion healing visual acuity","proportion healing"
"CD015373","follow, term, pain, intensity, ketamine, short, continuous, adverse, oral, methadone, amitriptyline, analysis","follow term pain intensity","follow term"
"CD015383","scale, anxiety, depression, stai, different, hads, scales","scale anxiety depression stai","scale anxiety"
"CD015387","follow, scheduled, approach, cause, functional, good, stratified, surgical, analysis, bias, case, fatality","follow scheduled approach cause","follow scheduled"
"CD015395","adverse, during, period, admission, analysis, based, clinical, death, hospital, status, subgroup, worsening","adverse during period admission","adverse during"
"CD015432","hours, postintervention, less, reported, than, intensity, pain, days, from, medication, rescue, caregivers","hours postintervention less reported","hours postintervention"
"CD015443","months, lesions, weighted, enhancing, enlarging, gadolinium, positive, relapse, adverse, disability, worsening, discontinuations","months lesions weighted enhancing","months lesions"
"CD015448","baseline, from, mean, scores, months, gland, meibomian, symptom, weeks, breakup, expression, film","baseline from mean scores","baseline from"
"CD015462","than, apnea, more, after, number, severe, days, defined, below, breathing, commencing, delay","than apnea more after","than apnea"
"CD015476","detection, excluding, adenoma, number, participant, included, lynch, syndrome, that, between, polyps, bias","detection excluding adenoma number","detection excluding"
"CD015495_data","aged, people, point, time, years, hazard, older, ratio, inclusive, free, progression, adverse","aged people point time","aged people"
"CD015514","months, retinal, acuity, adverse, displacement, eyes, mean, proportion, score, visual, binocular, diplopia","months retinal acuity adverse","months retinal"
"CD015517_data","after, intervention, weeks, months, greater, less, than, anxiety, depression, adverse","after intervention weeks months","after intervention"
"CD015518_data","months, weeks, cancer, fatigue, life, quality, related, anxiety, depression","months weeks cancer fatigue","months weeks"
"CD015519","months, weeks, anxiety, depression, adverse, cancer, fatigue, life, quality, related","months weeks anxiety depression","months weeks"
"CD015520_data","weeks, months, anxiety, depression","weeks months anxiety depression","weeks months"
"CD015524","analysis, sensitivity, mmol, fixed, model, participants, proportion, adverse, serious, cholesterol, improvement, best","analysis sensitivity mmol fixed","analysis sensitivity"
"CD015526","dialysis, syndrome, dysequilibrium, adverse, death, disequilibrium, severe","dialysis syndrome dysequilibrium adverse","dialysis syndrome"
"CD015530","adverse, after, final, days, months, incidence, interest, serious, special, second, vaccination, covid","adverse after final days","adverse after"
"CD015532_data","from, liberation, mechanical, ventilation, hospital, invasive, need, duration, ecmo, length, stay, time","from liberation mechanical ventilation","from liberation"
"CD015536","people, proportion, serious, adverse, analyses, analysis, conducting, restricting, according, best, case, scenario","people proportion serious adverse","people proportion"
"CD015551","after, days, months, adverse, final, incidence, cause, grade, post, second, surgery, covid","after days months adverse","after days"
"CD015573_data","complications, days, duration, hospital, minor, recurrence, stay","complications days duration hospital","complications days"
"CD015584","placement, before, clinic, discharge, occurring, pain, adjunctive, measures, misoprostol, need, side, device","placement before clinic discharge","placement before"
"CD015588","hazard, ratio, nonfatal, failure, infarction, myocardial, stroke, fatal, heart, albuminuria, death, kidney","hazard ratio nonfatal failure","hazard ratio"
"CD015592","episodes, lumbar, procedure, puncture, than, apnea, attempt, bradycardia, breathing, decrease, desaturation, during","episodes lumbar procedure puncture","episodes lumbar"
"CD015594","adverse, apnea, coding, during, episodes, facial, more, neonatal, occurrence, pain, procedure, score","adverse apnea coding during","adverse apnea"
"CD015636","dengue, denv, hospitalizations, investigations, serotype, serotypes, subgroup, virus","dengue denv hospitalizations investigations","dengue denv"
"CD015673","adverse, drinking, number, days, dropouts, heavy, participants, abstinence, abstinent, alcohol, consequences, continuous","adverse drinking number days","adverse drinking"
"CD015698","analysis, anastomotic, leakage, subgroup, bias, excluding, high, sensitivity, types, abdominal, abscess, adverse","analysis anastomotic leakage subgroup","analysis anastomotic"
"CD015701","acquisition, activity, adverse, amenorrhoea, condomless, discontinuation, method, pregnancy, sexual","acquisition activity adverse amenorrhoea","acquisition activity"
"CD015711","proportion, vision, logmar, participants, achieving, better, independence, near, spectacle, binocular, distance, frequency","proportion vision logmar participants","proportion vision"
"CD015721","days, within, functional, haemorrhage, intracranial, revascularisation, score, tici, asymptomatic, complete, excellent, grade","days within functional haemorrhage","days within"
"CD015746","analysis, sensitivity, adverse, fever, typhoid, bias, crcts, serious, cause, heterogeneity, phase, post","analysis sensitivity adverse fever","analysis sensitivity"
"CD015749","appetite, adverse, biochemical, body, composition, fatigue, function, life, markers, occurrence, physical, quality","appetite adverse biochemical body","appetite adverse"
"CD015751","lens, comfortable, conjunctival, contact, corneal, discomfort, discontinuation, fluorescein, hours, other, participant, redness","lens comfortable conjunctival contact","lens comfortable"
"CD015779_data","rheumatic, adverse, cause, fever, heart, progression, recurrence, late, latent, ratio, stage, adherence","rheumatic adverse cause fever","rheumatic adverse"
"CD015786","adverse, functional, life, months, postsurgery, quality, early, free, late, progression, related, surgically","adverse functional life months","adverse functional"
"CD015788","adherence, difference, mean, adherent, field, final, intraocular, mmhg, participants, pressure, proportion, visual","adherence difference mean adherent","adherence difference"
"CD015790","subscore, final, value, score, life, quality, related, vision, anxiety, being, depression, distress","subscore final value score","subscore final"
"CD015802","after, days, discontinued, number, episode, infants, least, apnea, authors, breathing, cause, defined","after days discontinued number","after days"
"CD015804","participants, proportion, weeks, baseline, during, experienced, from, period, acuity, after, bcva, concentration","participants proportion weeks baseline","participants proportion"
"CD015820","months, adherence, subjective, visual, week, acuity, stereoacuity, baseline, scale, adverse, assessment, corrected","months adherence subjective visual","months adherence"
"CD015824","from, baseline, different, distance, minute, subgroups, walk, worsening, class, formulations, functional, health","from baseline different distance","from baseline"
"CD015830","length, stay, delirium, duration, hospital, icus","length stay delirium duration","length stay"
"CD015849","ratio, hazard, infarction, myocardial, nonfatal, stroke, albumin, death, kidney, urinary, failure, fatal","ratio hazard infarction myocardial","ratio hazard"
"CD015854_data","improvement, assessed, muscle, strength, achievement, disability, function, definitions, measured, activity, score, area","improvement assessed muscle strength","improvement assessed"
"CD015855_data","improvement, assessed, muscle, strength, function, disability, achievement, adverse, benefit, either, lack, metre","improvement assessed muscle strength","improvement assessed"
"CD015875_data","years, adverse, mass, total, pressure, blood, body, cholesterol, mmhg, abdominal, circumference, waist","years adverse mass total","years adverse"
"CD015877_data","maintenance, reduction, stabilisation, adiposity, circumference, distribution, insulin, resistance, waist, weight, assessment, homa","maintenance reduction stabilisation adiposity","maintenance reduction"
"CD015894","pain, assessed, newborns, procedural, procedure, scale, validated, after, during, harms, hours, minutes","pain assessed newborns procedural","pain assessed"
"CD015932","pulmonary, complications, time, length, stay, pneumonia, adverse, cause, hospital, days, associated, association","pulmonary complications time length","pulmonary complications"
"CD015968_data","cholesterol, being, blood, circumference, fasting, glycemia, mass, percentile, pressure, score, total, triglyceride","cholesterol being blood circumference","cholesterol being"
"CD016001_data","fitness, musculoskeletal, strength, health, status, walking, affected, blood, functional, mobility, mood, pressure","fitness musculoskeletal strength health","fitness musculoskeletal"
"CD016002_data","health, status, fitness, musculoskeletal, side, strength, walking, affected, blood, functional, mental, mood","health status fitness musculoskeletal","health status"
"CD016031_data","data, months, posterior, anterior, lateral, categorical, continuous, intermediate, early, functional, status, operative","data months posterior anterior","data months"
"CD016058","follow, longest, blood, mmhg, months, participants, pressure, reporting, cessation, mean, number, saes","follow longest blood mmhg","follow longest"
"CD016064_data","sensitivity, excluding, bias, high, analysis, falls, falling, grouped, analyses, fracture, active, exercise","sensitivity excluding bias high","sensitivity excluding"
"CD016119_data","length, blood, haemoglobin, haemorrhage, hospitalisation, incidence, injury, major, pain, postpartum, score, surgery","length blood haemoglobin haemorrhage","length blood"
"CD016120_data","postpartum, abnormalities, clotting, being, maternal, well, blood, fatigue, time, count, haemoglobin, length","postpartum abnormalities clotting being","postpartum abnormalities"
"CD016131_data","respiratory, associated, illness, adverse, attended, lower, medically, tract, cause, caused, fever, from","respiratory associated illness adverse","respiratory associated"
"CD016136_data","implementation, adjusting, analysis, behaviour, bias, clustering, described, effectiveness, excluding, explicitly, factor, health","implementation adjusting analysis behaviour","implementation adjusting"
"CD016147_data","adverse, blood, abdominal, additional, dizziness, dyspepsia, flushes, headache, loss, manual, nausea, pain","adverse blood abdominal additional","adverse blood"
"CD016148_data","degree, tears, maternal, pain, satisfaction, breastfeeding, continuous, death, dichotomous, perineal, side","degree tears maternal pain","degree tears"
"CD016168_data","adverse, maternal, hours, morbidity, severe, wellbeing, admission, death, fatigue, arterial, embolisation, hysterectomy","adverse maternal hours morbidity","adverse maternal"
"CD016211_data","maternal, infections, other, neonatal, analysis, monopharmacy, polypharmacy, sepsis, subgroup, adverse, antibiotics, infection","maternal infections other neonatal","maternal infections"
"CD016278_data","blood, loss, calculated, estimated, mean, receipt, additional, admission, clinical, death, diagnosis, dysfunction","blood loss calculated estimated","blood loss"
